<?xml version="1.0" encoding="UTF-8" standalone="yes"?>
<xb:BAG-Extract-Levering xmlns:selecties-extract="http://www.kadaster.nl/schemas/lvbag/extract-selecties/v20180601" xmlns:xb="http://www.kadaster.nl/schemas/lvbag/extract-levering/v20180601">
    <xb:SelectieGegevens>
        <selecties-extract:LVC-Extract>
            <selecties-extract:StandTechnischeDatum>2020-06-01</selecties-extract:StandTechnischeDatum>
        </selecties-extract:LVC-Extract>
        <selecties-extract:Gebied-Registratief>
            <selecties-extract:Gebied-GEM>
                <selecties-extract:GemeenteCollectie>
                    <selecties-extract:Gemeente>
                        <selecties-extract:GemeenteIdentificatie>0610</selecties-extract:GemeenteIdentificatie>
                        <selecties-extract:GemeenteNaam>Sliedrecht</selecties-extract:GemeenteNaam>
                    </selecties-extract:Gemeente>
                </selecties-extract:GemeenteCollectie>
            </selecties-extract:Gebied-GEM>
        </selecties-extract:Gebied-Registratief>
    </xb:SelectieGegevens>
    <xb:SchemaInfo>
        <xb:naam>BagvsExtractDeelbestandExtractLvc-2.0.xsd</xb:naam>
        <xb:versie>20180601</xb:versie>
    </xb:SchemaInfo>
</xb:BAG-Extract-Levering>
